MeshID,ID,Type,XLocation,YLocation
0,121,5G_macro,6936.04496,278.8626668
0,211,4G_macro,7004.36455,738.8896816
0,310,4G_macro,7261.272026,122.4441942
0,478,5G_micro,6967.820453,425.4767151
0,584,5G_micro,6724.39753,218.0975018
0,724,5G_micro,6903.666277,670.7161301
0,880,5G_micro,6641.9997,11.97180955
0,948,5G_micro,7143.901219,79.80353772
0,960,4G_micro,6943.936016,385.0925341
0,1040,4G_micro,6636.816192,6.413076384
0,1199,4G_micro,6952.595423,619.4265654
0,1412,4G_micro,6790.898143,135.7436171
0,1460,4G_micro,7102.264249,127.208131
0,1562,4G_micro,6659.826214,444.6525621
1,2,5G_macro,3335.119361,4462.981384
1,153,5G_macro,2779.804716,4389.198492
1,223,4G_macro,2932.249755,4525.39671
1,344,5G_micro,2616.101241,4597.433749
1,617,5G_micro,2755.680514,4306.222856
1,644,5G_micro,3319.769711,4540.538492
1,668,5G_micro,3124.9251,4659.009027
1,761,5G_micro,2999.275727,4390.803138
1,765,5G_micro,3182.67982,4250.164929
1,858,5G_micro,2813.178813,4674.785984
1,1277,4G_micro,2636.152371,4371.659617
1,1309,4G_micro,3544.379471,4432.217231
1,1398,4G_micro,3355.267868,4650.455709
1,1458,4G_micro,3034.070365,4285.96052
2,42,5G_macro,3729.504177,7692.80934
2,179,4G_macro,3618.565221,7249.775334
2,226,4G_macro,4001.338014,7912.974031
2,276,4G_macro,3386.093274,7779.171773
2,460,5G_micro,3995.754046,7845.39864
2,490,5G_micro,3719.482921,7869.325199
2,545,5G_micro,3441.400495,7857.220922
2,606,5G_micro,3480.357162,7516.450007
2,800,5G_micro,3891.250627,7544.302464
2,1059,4G_micro,3721.056785,7131.587849
2,1305,4G_micro,3540.067354,7764.659611
2,1349,4G_micro,3821.949689,7692.22304
2,1411,4G_micro,3619.990979,7388.262203
2,1443,4G_micro,3445.034932,7950.039982
3,105,5G_macro,6977.424501,6042.713246
3,149,5G_macro,6910.572836,6597.854759
3,186,4G_macro,6922.893254,6291.715951
3,449,5G_micro,6900.120244,5854.488962
3,653,5G_micro,6957.406785,6320.776422
3,719,5G_micro,7143.079036,6408.64684
3,730,5G_micro,7146.230939,6180.796435
3,1284,4G_micro,6858.536695,6273.900585
3,1311,4G_micro,7101.861608,6017.75642
4,156,5G_macro,1503.6701,4918.145278
4,195,4G_macro,1866.020015,4913.67322
4,293,4G_macro,1253.250792,5278.56635
4,475,5G_micro,1602.172881,4771.721272
4,501,5G_micro,1333.092687,5445.798668
4,533,5G_micro,1390.799355,5074.656866
4,672,5G_micro,1583.39997,5480.763565
4,673,5G_micro,1605.470374,5212.96196
4,835,5G_micro,1839.579196,5059.240819
4,997,4G_micro,1360.21871,5063.436642
4,1118,4G_micro,1819.461315,5154.18748
4,1291,4G_micro,1648.050636,4928.755231
4,1441,4G_micro,1629.468835,5436.515604
4,1505,4G_micro,1538.693534,5221.438119
4,1527,4G_micro,1398.891096,5428.485656
5,81,5G_macro,3463.31349,2651.313877
5,117,5G_macro,3235.80852,3139.731271
5,134,5G_macro,2889.872004,2718.278912
5,335,5G_micro,2882.296957,3078.291239
5,369,5G_micro,3300.610637,2896.688512
5,569,5G_micro,3053.854351,2478.945159
5,1002,4G_micro,2712.620079,2615.227718
5,1024,4G_micro,2757.758613,2839.509803
5,1063,4G_micro,3071.659669,2281.229878
5,1104,4G_micro,2831.147862,3036.016228
5,1367,4G_micro,3204.734356,2496.468743
5,1454,4G_micro,3097.889152,2819.877813
6,164,4G_macro,2528.825869,1864.909912
6,302,4G_macro,2480.466849,1294.307824
6,318,4G_macro,3035.30517,2016.284407
6,393,5G_micro,2719.589287,1808.917834
6,480,5G_micro,2517.365157,1926.403158
6,749,5G_micro,2513.455203,1486.046645
6,1012,4G_micro,2631.986779,1743.369548
6,1060,4G_micro,2827.589584,1899.705873
6,1248,4G_micro,2377.859378,1359.702334
6,1557,4G_micro,2567.038077,1163.765153
7,166,4G_macro,6991.160133,1326.970932
7,240,4G_macro,6402.836121,785.6134464
7,313,4G_macro,6325.394972,1308.389176
7,326,5G_micro,6372.975617,1134.472989
7,391,5G_micro,6449.270537,1427.199837
7,448,5G_micro,6174.990445,1167.000125
7,611,5G_micro,6675.800895,1048.812172
7,837,5G_micro,6756.14991,1263.491619
7,935,5G_micro,6211.297567,1379.504548
7,958,5G_micro,5953.091373,1064.944961
7,1056,4G_micro,6050.228272,1273.76453
7,1082,4G_micro,6749.701693,867.9064467
7,1259,4G_micro,6608.586199,1138.332105
7,1332,4G_micro,6432.019214,1483.683367
7,1362,4G_micro,6483.691697,882.9111307
7,1470,4G_micro,6689.357504,1400.900815
7,1591,4G_micro,6294.367097,1044.795551
8,16,5G_macro,7849.02278,4615.606789
8,116,5G_macro,7229.913171,4402.842498
8,138,5G_macro,7527.552934,5005.081155
8,338,5G_micro,7820.850911,4569.540128
8,647,5G_micro,7913.618018,4328.912922
8,731,5G_micro,7270.71269,4787.012326
8,796,5G_micro,7627.910421,4484.992604
8,865,5G_micro,7761.553824,4824.234725
8,937,5G_micro,7238.523668,4574.471339
8,1258,4G_micro,7717.098506,4447.352971
8,1410,4G_micro,7936.680685,4513.541695
8,1438,4G_micro,7402.736344,4451.824005
8,1594,4G_micro,7573.288675,4784.347868
9,9,5G_macro,3654.07858,1230.786012
9,123,5G_macro,4190.005895,1466.216518
9,203,4G_macro,4080.697408,1183.415537
9,637,5G_micro,4004.430834,1162.937971
9,780,5G_micro,4030.077619,1390.94209
9,828,5G_micro,3522.050633,1481.718897
9,833,5G_micro,3791.120182,1293.579842
9,846,5G_micro,3865.138852,901.0666151
9,1027,4G_micro,4236.854205,1513.31026
9,1119,4G_micro,3832.392005,1409.429086
9,1155,4G_micro,3522.268371,1482.30267
9,1200,4G_micro,3756.409259,1113.805922
9,1497,4G_micro,3984.938395,1550.274207
10,27,5G_macro,4183.406334,6983.247587
10,103,5G_macro,4678.825765,6913.382753
10,232,4G_macro,4612.620069,6814.636037
10,327,5G_micro,4464.811865,6766.826447
10,429,5G_micro,4742.971367,6706.535344
10,517,5G_micro,4967.179805,6805.574898
10,567,5G_micro,4717.368079,7045.781423
10,616,5G_micro,4507.265585,7193.469545
10,666,5G_micro,4178.510423,6751.576281
10,854,5G_micro,4583.51155,6384.043857
10,923,5G_micro,4518.849212,6980.607248
10,1072,4G_micro,4605.786267,6684.136718
10,1183,4G_micro,4461.072186,6373.74656
10,1237,4G_micro,4209.651465,6944.689986
10,1285,4G_micro,4746.756173,6866.606337
10,1334,4G_micro,4295.757112,6649.369662
10,1596,4G_micro,4530.239045,6889.362697
11,184,4G_macro,5036.390591,3916.607067
11,193,4G_macro,5776.916299,3403.749055
11,602,5G_micro,5574.0363,3695.812287
11,619,5G_micro,5300.743585,4086.027157
11,708,5G_micro,5307.792837,3692.205345
11,722,5G_micro,5569.659391,3996.426064
11,1016,4G_micro,5764.907075,4086.816213
11,1106,4G_micro,5197.094057,3582.587386
11,1231,4G_micro,5534.99691,3874.958138
11,1325,4G_micro,5709.386346,3765.697144
11,1500,4G_micro,5270.4021,4137.092709
11,1564,4G_micro,5470.436123,4096.764623
12,130,5G_macro,6527.128651,5510.947994
12,199,4G_macro,6957.594093,5628.226041
12,243,4G_macro,6243.528752,5541.038938
12,271,4G_macro,6593.560898,5176.433134
12,461,5G_micro,6629.371612,5213.480669
12,568,5G_micro,6210.470364,5708.360118
12,725,5G_micro,6557.372658,5667.376843
12,783,5G_micro,6847.261785,5371.285306
12,787,5G_micro,6301.957203,5222.780725
12,920,5G_micro,6815.681817,5597.32142
12,1211,4G_micro,6500.372458,5822.916184
12,1229,4G_micro,6373.129544,5469.696818
12,1286,4G_micro,6237.982307,5803.733978
12,1356,4G_micro,6710.29001,5781.890548
12,1395,4G_micro,6626.896386,5302.566187
12,1536,4G_micro,6756.351882,5501.806069
13,6,5G_macro,5176.381645,7229.523171
13,154,5G_macro,4731.648559,7462.397786
13,308,4G_macro,4816.566989,7417.334025
13,579,5G_micro,4975.076643,7098.08406
13,806,5G_micro,5227.387981,7327.944552
13,1093,4G_micro,4808.034319,7261.065812
13,1152,4G_micro,5152.739583,7384.635735
14,53,5G_macro,7677.313513,2846.384527
14,147,5G_macro,7176.989864,3128.576369
14,219,4G_macro,7443.017819,2791.098368
14,443,5G_micro,7235.839546,2744.378219
14,503,5G_micro,7504.081231,2703.899798
14,656,5G_micro,7270.057879,3127.878564
14,661,5G_micro,7639.514334,3016.491181
14,944,5G_micro,7083.510135,2911.019846
14,971,4G_micro,7522.251996,2761.838661
14,1226,4G_micro,7152.455937,3003.60062
14,1233,4G_micro,7067.829247,2816.439307
14,1239,4G_micro,7632.202157,2997.548832
14,1319,4G_micro,7408.126281,3039.883662
14,1567,4G_micro,7303.223269,2571.498023
15,228,4G_macro,2655.742657,5773.754424
15,269,4G_macro,3200.15928,6599.940454
15,287,4G_macro,3056.829642,6097.124818
15,314,4G_macro,2572.883254,6748.722539
15,320,5G_micro,2510.627384,6310.402408
15,323,5G_micro,3016.266589,6542.562714
15,378,5G_micro,3147.48965,6321.790066
15,601,5G_micro,2746.243109,6582.875885
15,638,5G_micro,2494.549528,6045.778489
15,974,4G_micro,2621.182863,6503.36594
15,1023,4G_micro,3180.228989,6236.331566
15,1099,4G_micro,2954.957304,6341.279432
15,1300,4G_micro,2543.089859,5987.035469
15,1393,4G_micro,2999.897305,6631.670483
16,73,5G_macro,5819.598852,7814.288745
16,129,5G_macro,6399.951705,7850.069242
16,292,4G_macro,6180.140441,7906.97386
16,376,5G_micro,5804.656191,7606.394348
16,392,5G_micro,6291.367705,7894.402769
16,665,5G_micro,5877.614675,7906.178351
16,702,5G_micro,6500.179926,7849.73214
16,728,5G_micro,6130.124558,7600.951984
16,1013,4G_micro,5876.004645,7745.259414
16,1054,4G_micro,6397.189359,7989.603612
16,1113,4G_micro,6022.909242,7927.294761
16,1463,4G_micro,6408.570894,7638.812601
16,1551,4G_micro,6605.2343,7895.714317
17,90,5G_macro,5921.542527,2487.566418
17,165,4G_macro,6138.822084,2842.715714
17,204,4G_macro,5712.590783,2346.139695
17,401,5G_micro,5957.393519,2748.273651
17,477,5G_micro,5718.276277,2805.926323
17,727,5G_micro,6154.343778,3057.724488
17,760,5G_micro,6139.147925,2395.350328
17,799,5G_micro,5635.09252,2535.129202
17,895,5G_micro,6193.391634,2810.374608
17,976,4G_micro,5855.756987,2931.150113
17,1028,4G_micro,5630.845359,2839.035432
17,1242,4G_micro,5760.473363,2543.547457
18,7,5G_macro,2639.826517,3601.966135
18,214,4G_macro,2273.307068,3300.562223
18,234,4G_macro,2841.229653,3864.038975
18,354,5G_micro,2486.432548,4088.682866
18,498,5G_micro,2852.645416,3931.403224
18,586,5G_micro,2591.413553,3799.981154
18,729,5G_micro,2721.665896,3390.856069
18,762,5G_micro,2173.983446,3476.662167
18,898,5G_micro,2342.964021,3688.332297
18,1256,4G_micro,2701.90386,3603.681696
18,1273,4G_micro,2348.779548,3491.409592
18,1287,4G_micro,2609.328754,3385.581987
18,1374,4G_micro,2830.696014,3820.756134
18,1409,4G_micro,2570.261256,3847.80951
18,1495,4G_micro,2148.171024,3650.455933
18,1565,4G_micro,2329.521942,3943.932691
18,1583,4G_micro,2367.760983,3711.422942
19,32,5G_macro,6423.32916,1553.04434
19,131,5G_macro,6135.272474,1973.294236
19,207,4G_macro,6621.279797,1943.309282
19,356,5G_micro,6509.515206,1957.221819
19,560,5G_micro,6582.784726,2241.239585
19,583,5G_micro,6746.374241,1731.893636
19,671,5G_micro,6368.091813,1773.529964
19,804,5G_micro,6769.262094,2156.519059
19,811,5G_micro,6599.217993,1564.602449
19,962,4G_micro,6570.03732,2255.661118
19,1055,4G_micro,6766.612735,1745.717308
19,1077,4G_micro,6297.957681,1662.710092
19,1260,4G_micro,6869.008552,1992.817731
20,19,5G_macro,531.2674824,3482.715343
20,137,5G_macro,776.8259704,4076.859776
20,505,5G_micro,375.0410914,3670.745133
20,542,5G_micro,917.7239702,3763.761302
20,547,5G_micro,1073.824486,4035.823651
20,805,5G_micro,640.6770305,3700.943154
20,818,5G_micro,761.2890113,3441.530851
20,826,5G_micro,421.0832751,3867.946225
20,1146,4G_micro,1042.335604,3971.152176
20,1244,4G_micro,637.7608284,3878.041889
20,1281,4G_micro,312.6938308,3703.464125
20,1313,4G_micro,694.1596513,3598.026876
20,1379,4G_micro,1134.465798,3756.703169
20,1428,4G_micro,917.9061239,3637.06299
21,91,5G_macro,254.2820938,3971.24466
21,158,5G_macro,56.5019892,4444.853612
21,235,4G_macro,119.1175414,3986.160917
21,612,5G_micro,32.86363902,3586.64204
21,641,5G_micro,371.7704688,4246.328334
21,755,5G_micro,62.51527299,4221.172777
21,824,5G_micro,184.1091472,3859.897607
21,973,4G_micro,91.75064487,4038.997976
21,1195,4G_micro,117.1346233,4286.316802
21,1387,4G_micro,1.630738457,3779.815225
22,64,5G_macro,6426.763391,6221.299897
22,169,4G_macro,6452.983839,6653.246719
22,222,4G_macro,6350.201959,6063.958065
22,365,5G_micro,6650.46996,6565.163468
22,499,5G_micro,6685.525119,6091.992826
22,522,5G_micro,6303.011967,5899.486481
22,943,5G_micro,6190.004274,6282.473561
22,999,4G_micro,6674.449234,6492.865879
22,1061,4G_micro,6617.869865,6001.546951
22,1181,4G_micro,6364.624484,6305.060211
22,1595,4G_micro,6644.505295,6247.685048
23,162,4G_macro,840.2292614,2847.185571
23,175,4G_macro,426.6331011,2539.1789
23,216,4G_macro,361.9220544,3451.31413
23,434,5G_micro,527.7828308,2927.534782
23,451,5G_micro,576.354362,3138.527068
23,754,5G_micro,803.6729859,3118.218342
23,930,5G_micro,860.414448,2858.324102
23,984,4G_micro,906.0272417,3020.112571
23,1182,4G_micro,561.2767517,3029.430275
23,1225,4G_micro,667.7836037,2659.728369
23,1355,4G_micro,876.8022932,2471.947924
23,1417,4G_micro,464.961108,2806.524439
23,1498,4G_micro,961.5861271,2796.776853
23,1545,4G_micro,821.5271409,3245.63719
24,12,5G_macro,4991.388259,7920.942953
24,267,4G_macro,5406.970085,7786.137613
24,295,4G_macro,4869.147671,7919.656176
24,375,5G_micro,5339.469421,7747.861902
24,433,5G_micro,5622.137035,7784.85331
24,531,5G_micro,4750.602252,7981.135829
24,694,5G_micro,5001.404969,7604.554595
24,812,5G_micro,5287.637408,7987.863616
24,946,5G_micro,5032.903917,7940.969684
24,963,4G_micro,5051.474078,7623.4631
24,1249,4G_micro,5570.027627,7854.544122
24,1274,4G_micro,4958.409959,7841.239156
24,1465,4G_micro,4762.639744,7729.676789
24,1479,4G_micro,5162.204463,7900.62292
25,71,5G_macro,173.5706488,235.4289165
25,146,5G_macro,23.39976953,740.6688505
25,255,4G_macro,55.6939383,324.7805674
25,426,5G_micro,288.0274644,383.7059307
25,504,5G_micro,629.6150933,78.56406093
25,523,5G_micro,253.830678,68.8060127
25,1005,4G_micro,340.6202679,137.6254718
25,1149,4G_micro,4.441498063,376.8792931
25,1266,4G_micro,345.0225964,361.9455423
26,181,4G_macro,1156.966975,2197.56002
26,230,4G_macro,1443.981891,1630.446045
26,290,4G_macro,975.7844347,1450.214384
26,398,5G_micro,1218.798544,1511.465854
26,502,5G_micro,1263.645386,1854.76482
26,593,5G_micro,1491.565758,1481.024799
26,802,5G_micro,933.7459174,1554.77164
26,872,5G_micro,955.0193955,1920.755643
26,1004,4G_micro,1395.68002,1330.834274
26,1007,4G_micro,1454.245655,1564.466409
26,1102,4G_micro,998.9630021,2121.935612
26,1134,4G_micro,1176.865089,1549.88225
26,1283,4G_micro,1306.273371,1965.634803
26,1303,4G_micro,1014.938378,1393.293834
26,1457,4G_micro,1084.257029,1821.938018
27,75,5G_macro,7591.950946,342.0952966
27,239,4G_macro,7685.863733,424.6857931
27,432,5G_micro,7686.375258,410.6242837
27,516,5G_micro,7392.228684,341.5474051
27,630,5G_micro,7632.733532,15.46760723
27,1117,4G_micro,7780.173753,469.2032043
27,1189,4G_micro,7559.370305,485.4459364
27,1345,4G_micro,7827.114797,92.21406355
27,1483,4G_micro,7409.855531,61.01056298
28,5,5G_macro,7222.848298,3710.017835
28,189,4G_macro,7680.166296,3576.815236
28,306,4G_macro,7009.773463,3291.398903
28,468,5G_micro,7008.256069,3451.260058
28,524,5G_micro,7255.192499,3977.119558
28,559,5G_micro,7585.626616,3642.611063
28,825,5G_micro,7389.302405,3479.786687
28,902,5G_micro,7245.80508,3735.253098
28,1053,4G_micro,7227.658672,3299.697499
28,1101,4G_micro,7508.883883,3722.055377
28,1343,4G_micro,7092.312413,3627.940236
28,1430,4G_micro,7368.708001,3469.078316
28,1472,4G_micro,7334.490064,3856.160189
29,69,5G_macro,435.3435846,6162.841972
29,86,5G_macro,768.2144697,6595.033794
29,215,4G_macro,659.8752703,6475.611455
29,324,5G_micro,1072.976535,6124.411647
29,446,5G_micro,1044.196971,6714.000813
29,458,5G_micro,581.2010171,6102.305576
29,521,5G_micro,693.0454728,6639.494772
29,529,5G_micro,811.0831214,6091.230142
29,764,5G_micro,1117.000461,6385.437375
29,852,5G_micro,860.2380424,6346.937817
29,875,5G_micro,745.8323657,6847.844835
29,1038,4G_micro,1217.730641,6386.506911
29,1125,4G_micro,1123.499457,6622.669498
29,1133,4G_micro,672.2363093,6621.983752
29,1150,4G_micro,944.4964073,6076.37864
29,1193,4G_micro,892.2500018,6605.137044
29,1263,4G_micro,466.571579,6497.80814
29,1354,4G_micro,957.5475043,6299.989294
29,1420,4G_micro,499.3067905,6200.133959
30,22,5G_macro,3141.406183,7591.648101
30,125,5G_macro,3312.420974,7024.85666
30,143,5G_macro,2801.971154,7162.246922
30,417,5G_micro,3203.292545,7409.299446
30,507,5G_micro,3011.932623,7348.983828
30,572,5G_micro,2819.680064,7017.342047
30,628,5G_micro,3116.989009,7026.539016
30,662,5G_micro,2930.866907,6819.845955
30,1000,4G_micro,3341.862524,7157.969497
30,1020,4G_micro,2957.509167,7218.347351
30,1098,4G_micro,3190.631431,7020.675036
30,1519,4G_micro,2910.485843,6877.772431
31,78,5G_macro,6561.878707,4542.740047
31,260,4G_macro,6873.403357,4757.984837
31,299,4G_macro,6429.007704,4333.81492
31,353,5G_micro,6727.581665,4591.557723
31,408,5G_micro,6450.339507,4589.558723
31,597,5G_micro,6614.001337,4923.772505
31,809,5G_micro,6656.850165,4370.778433
31,876,5G_micro,6999.1163,4508.792082
31,1128,4G_micro,6617.257739,4608.650347
31,1177,4G_micro,6535.528367,4939.316603
31,1314,4G_micro,6868.000223,4568.455852
31,1592,4G_micro,6742.508732,4828.812047
31,1598,4G_micro,6439.082674,4436.365814
32,178,4G_macro,968.6590418,5725.619558
32,262,4G_macro,264.9700677,5714.602367
32,301,4G_macro,737.6301776,5179.636757
32,345,5G_micro,718.2617535,5769.337233
32,439,5G_micro,530.1782299,5284.942244
32,441,5G_micro,622.1592653,5544.323694
32,600,5G_micro,334.7583985,5887.992419
32,1222,4G_micro,646.8497642,5842.586996
32,1250,4G_micro,35.26266649,5959.890976
32,1539,4G_micro,279.1858711,6001.720596
32,1580,4G_micro,523.1194098,5558.888574
33,67,5G_macro,286.4885767,2455.242674
33,122,5G_macro,772.7739403,2156.801976
33,253,4G_macro,366.7831505,2021.556866
33,336,5G_micro,345.3568033,2298.104858
33,348,5G_micro,723.4919552,2290.042135
33,457,5G_micro,213.8403758,2540.622342
33,692,5G_micro,94.86253274,2362.581636
33,819,5G_micro,663.9269167,2484.964204
33,887,5G_micro,304.3581972,2053.815647
33,933,5G_micro,756.5871881,2022.847233
33,978,4G_micro,781.8164645,2104.449715
33,1123,4G_micro,581.3647604,2169.854131
33,1196,4G_micro,235.1280174,2584.071033
33,1216,4G_micro,457.9287412,2533.011686
33,1257,4G_micro,74.10844588,2072.332572
33,1506,4G_micro,373.3036177,1980.209126
33,1534,4G_micro,115.8253234,2389.902091
34,51,5G_macro,4702.936251,3531.716318
34,198,4G_macro,4548.285684,3650.615059
34,383,5G_micro,4667.2793,4252.091243
34,497,5G_micro,4677.029993,3774.372468
34,511,5G_micro,4998.684199,3697.761534
34,537,5G_micro,4540.2044,3943.960332
34,541,5G_micro,4398.173534,4108.403986
34,591,5G_micro,4370.972281,3488.419497
34,840,5G_micro,4730.521232,4035.209877
34,845,5G_micro,4785.652391,3523.637894
34,894,5G_micro,4381.522449,3722.278114
34,1051,4G_micro,4655.886611,3909.691177
34,1160,4G_micro,4910.001495,3641.623096
34,1172,4G_micro,4485.285812,4270.293623
34,1323,4G_micro,4641.76462,4117.01295
34,1391,4G_micro,4699.338869,3687.029019
34,1501,4G_micro,4405.096048,3709.772599
34,1521,4G_micro,4509.082159,3369.367018
34,1543,4G_micro,5001.06217,4023.799365
35,87,5G_macro,3986.6144,175.6217341
35,225,4G_macro,3800.739586,630.9585691
35,289,4G_macro,3734.654961,38.25921378
35,316,4G_macro,4270.699879,163.1024037
35,465,5G_micro,4151.166573,173.0656615
35,679,5G_micro,3729.535002,520.7524757
35,690,5G_micro,3476.028968,168.6546717
35,869,5G_micro,3812.689506,181.7842437
35,990,4G_micro,3903.099964,456.9014122
35,1120,4G_micro,3717.921901,160.9538927
35,1187,4G_micro,4217.836473,256.452232
35,1375,4G_micro,3462.053841,144.3924601
35,1461,4G_micro,4317.047727,31.86567282
35,1509,4G_micro,3943.584458,32.20971271
36,197,4G_macro,3453.431706,4791.734611
36,201,4G_macro,3688.594935,5649.182306
36,280,4G_macro,3948.854168,5156.859875
36,334,5G_micro,3153.198186,4996.2839
36,539,5G_micro,3470.534774,5512.606916
36,643,5G_micro,3349.895114,5264.674576
36,669,5G_micro,3418.60667,5030.580276
36,742,5G_micro,3566.991822,5217.839937
36,955,5G_micro,3143.54678,5352.50224
36,1268,4G_micro,3198.327756,5191.089276
36,1370,4G_micro,3377.175452,5318.301609
36,1445,4G_micro,3629.129647,5407.446803
36,1469,4G_micro,3385.524716,4986.792802
36,1478,4G_micro,3693.940086,4910.380249
37,3,5G_macro,2347.52767,4690.819023
37,150,5G_macro,1850.505233,4503.169313
37,161,4G_macro,2116.343295,4459.438871
37,328,5G_micro,1963.070495,4788.09585
37,350,5G_micro,2348.068511,4863.661514
37,399,5G_micro,1806.390876,4634.790559
37,488,5G_micro,2021.894843,4592.733911
37,548,5G_micro,2303.472012,4493.477888
37,631,5G_micro,2196.599195,4202.535974
37,904,5G_micro,2093.955968,4945.967262
37,1019,4G_micro,2036.074024,4997.461116
37,1074,4G_micro,2259.071469,4683.4717
37,1129,4G_micro,2428.379622,4876.396296
37,1221,4G_micro,2307.901865,4439.889169
37,1344,4G_micro,1850.189267,4419.671355
37,1456,4G_micro,1819.883319,4785.996637
37,1459,4G_micro,2428.33435,4242.864438
37,1555,4G_micro,2235.932818,4971.796733
38,229,4G_macro,7942.712209,2297.253891
38,296,4G_macro,7926.943118,2954.228196
38,706,5G_micro,7993.200315,2259.842416
38,782,5G_micro,7789.183109,2744.109229
38,1076,4G_micro,7810.587865,2834.234993
38,1275,4G_micro,7719.821676,2490.731796
38,1432,4G_micro,7987.449319,2380.027417
38,1439,4G_micro,7945.358572,2091.697034
38,1486,4G_micro,7815.761455,2247.00065
39,63,5G_macro,5765.777739,6623.90787
39,265,4G_macro,5970.087318,6518.088694
39,422,5G_micro,6013.642668,6914.746778
39,556,5G_micro,5917.085195,6264.61922
39,896,5G_micro,6277.328406,6681.288184
39,949,5G_micro,5835.054729,6614.521058
39,1065,4G_micro,5554.878571,6381.185911
39,1336,4G_micro,5976.422717,6478.338457
39,1493,4G_micro,6156.216692,6769.678464
39,1556,4G_micro,5804.186726,6206.425818
39,1563,4G_micro,5785.818371,6623.910722
40,44,5G_macro,1633.505932,3325.006294
40,109,5G_macro,1147.2382,3142.86969
40,171,4G_macro,1400.678786,2911.643244
40,263,4G_macro,1298.216266,3578.711962
40,469,5G_micro,1137.524455,3096.044599
40,535,5G_micro,1501.849286,2826.557402
40,745,5G_micro,1520.063697,3441.951063
40,766,5G_micro,1527.194913,3146.855978
40,841,5G_micro,1225.450933,3412.623731
40,881,5G_micro,1874.531719,3357.356413
40,1156,4G_micro,1327.353376,3369.553548
40,1167,4G_micro,1498.600958,2909.772381
40,1290,4G_micro,1455.686608,3639.749614
40,1347,4G_micro,1184.169974,2850.372872
40,1435,4G_micro,1362.281588,3146.747255
40,1490,4G_micro,1525.607021,3416.828559
40,1550,4G_micro,1046.871916,3385.051157
41,135,5G_macro,557.0186423,615.8070322
41,286,4G_macro,666.4745907,529.0925834
41,404,5G_micro,642.3729988,333.4397928
41,424,5G_micro,773.0259357,736.8084978
41,915,5G_micro,185.6706586,942.0898789
41,945,5G_micro,459.7569815,635.7589709
41,985,4G_micro,708.3571337,964.7486696
41,1116,4G_micro,563.0762608,341.6546581
41,1162,4G_micro,253.5796456,978.4619313
41,1170,4G_micro,573.5094583,620.5814074
42,26,5G_macro,4218.394365,6062.715928
42,148,5G_macro,3694.309918,5988.74012
42,580,5G_micro,3772.08833,6125.730223
42,615,5G_micro,4056.610516,6418.285232
42,626,5G_micro,4308.494467,6048.93677
42,633,5G_micro,3971.782661,6006.468034
42,773,5G_micro,4291.655644,6374.4855
42,905,5G_micro,4164.264545,5791.757302
42,992,4G_micro,4425.689209,5981.421194
42,1048,4G_micro,3813.728756,5643.424885
42,1294,4G_micro,3670.524589,5951.466154
42,1333,4G_micro,4175.614416,5968.416361
42,1377,4G_micro,4023.194895,6251.976163
42,1487,4G_micro,3813.083448,6304.949297
42,1582,4G_micro,3822.373814,6093.941932
42,1589,4G_micro,4219.941088,6404.587627
43,1,5G_macro,5765.445292,4390.240135
43,190,4G_macro,6003.932804,4015.630745
43,284,4G_macro,5889.575225,4592.750181
43,710,5G_micro,5641.014968,4899.606828
43,735,5G_micro,5494.398473,4425.537458
43,779,5G_micro,5905.386346,4369.6944
43,801,5G_micro,5692.012973,4327.578596
43,901,5G_micro,5550.863336,4701.452699
43,981,4G_micro,5884.856857,4320.139735
43,1011,4G_micro,5368.566602,4348.978888
43,1293,4G_micro,5673.57256,4370.917981
43,1426,4G_micro,5505.485719,4823.074638
43,1553,4G_micro,5796.330481,4685.800541
44,212,4G_macro,7286.451627,7261.080578
44,245,4G_macro,7867.962484,7442.099455
44,300,4G_macro,7687.409568,7933.418412
44,621,5G_micro,7833.070149,7643.827706
44,676,5G_micro,7943.016361,7926.983565
44,861,5G_micro,7651.63465,7739.495207
44,1114,4G_micro,7631.315068,7741.251326
44,1390,4G_micro,7722.543964,7548.492048
44,1507,4G_micro,7937.288503,7554.411386
44,1513,4G_micro,7792.942492,7957.181662
45,79,5G_macro,6726.322694,2433.491711
45,94,5G_macro,6612.797232,3020.98773
45,257,4G_macro,6681.769704,2763.937678
45,377,5G_micro,6636.665897,2706.521622
45,788,5G_micro,6602.23828,3062.408206
45,862,5G_micro,6402.010363,2699.000299
45,868,5G_micro,6901.844838,3021.121579
45,874,5G_micro,6424.871802,2433.579119
45,879,5G_micro,6967.500216,2475.803138
45,1044,4G_micro,6373.313993,2673.036878
45,1107,4G_micro,6853.565766,2714.774699
45,1301,4G_micro,6675.67568,3066.153287
45,1327,4G_micro,6494.458569,2919.54546
45,1424,4G_micro,6592.751321,2614.6715
45,1455,4G_micro,6850.750724,2393.56283
46,40,5G_macro,1285.260883,7854.848141
46,140,5G_macro,778.0987345,7896.639471
46,217,4G_macro,1227.303743,7939.85217
46,342,5G_micro,1490.611257,7942.653925
46,405,5G_micro,1156.125384,7645.648963
46,695,5G_micro,1278.650525,7848.487262
46,697,5G_micro,858.5227641,7623.096882
46,772,5G_micro,1537.763504,7690.713253
46,830,5G_micro,853.9523207,7989.572158
46,987,4G_micro,1336.705608,7780.398453
46,1084,4G_micro,710.5340929,7803.132277
46,1185,4G_micro,920.8352211,7978.603049
46,1568,4G_micro,1504.310703,7995.11534
47,180,4G_macro,5168.245106,1994.14845
47,242,4G_macro,4662.438307,1360.407554
47,303,4G_macro,5456.119222,1479.907042
47,421,5G_micro,5048.741099,1823.53
47,646,5G_micro,5284.087124,1840.688053
47,736,5G_micro,5229.28495,1402.554308
47,882,5G_micro,5130.55374,1590.941774
47,929,5G_micro,4883.60602,1689.916916
47,1047,4G_micro,5233.944984,1799.50284
47,1085,4G_micro,4912.18644,1478.420776
47,1254,4G_micro,5425.66867,1943.751256
47,1368,4G_micro,5286.991742,1590.051104
48,39,5G_macro,7464.290459,5527.286635
48,174,4G_macro,7541.767854,5553.52025
48,297,4G_macro,7270.462344,5114.276843
48,486,5G_micro,7505.035956,5601.38881
48,558,5G_micro,7293.863855,5835.700407
48,603,5G_micro,7176.489017,5660.158515
48,767,5G_micro,7509.347275,5246.036642
48,878,5G_micro,7343.131419,5423.652884
48,1022,4G_micro,7615.115175,5373.750431
48,1124,4G_micro,7043.028938,5663.03221
48,1247,4G_micro,7189.069396,5356.896209
49,238,4G_macro,6402.677259,198.1080084
49,278,4G_macro,5709.646043,92.23193936
49,784,5G_micro,6163.258849,63.86246469
49,866,5G_micro,5951.861828,27.88752825
49,1079,4G_micro,6221.079792,189.2476546
49,1574,4G_micro,5914.939427,48.48319341
50,218,4G_macro,3459.506869,2832.032091
50,231,4G_macro,3933.614105,3109.319074
50,246,4G_macro,4163.88743,2577.990951
50,362,5G_micro,4247.695071,2655.630451
50,538,5G_micro,3706.701307,2489.995045
50,570,5G_micro,3814.112652,2889.144594
50,585,5G_micro,3922.170505,2619.692933
50,813,5G_micro,4057.30857,2408.170874
50,900,5G_micro,4092.210903,2895.791855
50,916,5G_micro,3513.499676,2900.952224
50,996,4G_micro,3734.610968,2735.673735
50,1126,4G_micro,4134.627503,2442.316384
50,1161,4G_micro,4061.024646,2728.061087
50,1400,4G_micro,3547.059188,2540.738521
50,1549,4G_micro,3966.124268,2938.468843
51,50,5G_macro,618.875066,2933.646393
51,112,5G_macro,24.95534839,2909.425746
51,467,5G_micro,288.6895323,2780.655075
51,640,5G_micro,190.3778351,3046.585026
51,737,5G_micro,38.09287025,2645.103462
51,797,5G_micro,342.0297632,3221.130672
51,1078,4G_micro,52.66054416,3087.434857
51,1467,4G_micro,321.1196258,3191.944377
51,1548,4G_micro,212.3329463,3428.902541
52,61,5G_macro,4897.479386,4542.52567
52,209,4G_macro,4746.964008,4331.399362
52,249,4G_macro,5298.453658,4651.657132
52,259,4G_macro,4837.889548,4998.693692
52,476,5G_micro,4883.249216,4667.61504
52,495,5G_micro,5324.651607,4697.762119
52,596,5G_micro,5146.368045,4352.772676
52,701,5G_micro,5151.462674,4589.039472
52,903,5G_micro,5047.89294,4784.765939
52,918,5G_micro,4548.750809,4651.261983
52,936,5G_micro,4964.030583,4262.50443
52,970,4G_micro,4965.046719,4575.881215
52,1143,4G_micro,5400.776774,4570.109982
52,1176,4G_micro,4684.896085,4387.915371
52,1399,4G_micro,5132.753164,4443.743383
52,1444,4G_micro,4682.402404,4705.360531
52,1512,4G_micro,4820.694676,4866.74587
53,248,4G_macro,2071.508465,6398.993346
53,250,4G_macro,1778.384774,7141.728095
53,261,4G_macro,1456.141129,6254.326449
53,527,5G_micro,1794.572459,6599.175557
53,808,5G_micro,1522.633667,6443.514469
53,864,5G_micro,1352.507631,6862.963828
53,941,5G_micro,1600.279617,6723.51836
53,1066,4G_micro,1736.971824,6676.929397
53,1081,4G_micro,1368.089643,6810.857095
53,1094,4G_micro,1511.138151,6607.809765
53,1389,4G_micro,1633.874808,6372.544744
54,88,5G_macro,957.3831091,7137.099785
54,182,4G_macro,1331.016743,7409.862471
54,294,4G_macro,720.4910065,7451.15455
54,304,4G_macro,1118.930491,6864.495971
54,437,5G_micro,642.99952,7089.853414
54,822,5G_micro,1070.162663,7185.00123
54,849,5G_micro,778.0747064,7410.947019
54,950,5G_micro,1214.456412,7018.227016
54,1208,4G_micro,1158.057748,7420.780433
54,1376,4G_micro,923.0197538,7511.043732
54,1378,4G_micro,883.9946035,7254.810269
54,1538,4G_micro,1066.124405,7050.623868
54,1560,4G_micro,935.8488067,6820.742179
55,56,5G_macro,6158.528581,7355.117886
55,111,5G_macro,6608.524812,7024.246949
55,251,4G_macro,6515.975979,7363.909814
55,445,5G_micro,6042.38791,7326.662297
55,738,5G_micro,6437.668125,7125.622459
55,785,5G_micro,6550.38194,6791.183078
55,823,5G_micro,6613.872502,7624.122492
55,867,5G_micro,6619.375976,7391.171284
55,1168,4G_micro,6274.772981,7337.326889
55,1180,4G_micro,6147.062435,7118.287284
55,1215,4G_micro,6571.072561,7280.537887
55,1265,4G_micro,6327.620887,6876.291131
55,1414,4G_micro,6035.227839,7351.240499
56,11,5G_macro,2443.479871,1850.390034
56,104,5G_macro,3058.797994,1826.596308
56,118,5G_macro,2667.925651,1297.020215
56,832,5G_micro,3055.738614,1787.844767
56,1148,4G_micro,3331.971719,1590.868761
56,1360,4G_micro,3121.765007,1802.264008
56,1419,4G_micro,3020.982332,1585.37505
57,136,5G_macro,4241.065847,4687.241409
57,285,4G_macro,4260.821109,4637.575838
57,347,5G_micro,4235.832135,4630.601651
57,389,5G_micro,4266.773438,4375.013716
57,687,5G_micro,3785.326482,4511.887786
57,795,5G_micro,3647.5762,4690.714886
57,810,5G_micro,4043.013567,4360.233943
57,913,5G_micro,4323.149773,4825.780108
57,1014,4G_micro,3888.081858,4818.005829
57,1127,4G_micro,3891.026927,4351.069663
57,1145,4G_micro,4059.064354,4612.665241
57,1204,4G_micro,3847.85247,4574.924653
57,1224,4G_micro,4111.303555,4410.78943
57,1421,4G_micro,4263.209114,4828.964611
57,1468,4G_micro,4498.294305,4913.678551
58,288,4G_macro,7738.848251,4671.531231
58,317,4G_macro,7996.349923,5242.454174
58,686,5G_micro,7836.482724,5309.648318
58,789,5G_micro,7879.914509,5558.266341
58,1034,4G_micro,7894.952447,4866.19066
58,1326,4G_micro,7791.797982,5109.392967
58,1406,4G_micro,7937.077948,5427.54441
59,85,5G_macro,2333.324244,2861.91945
59,152,5G_macro,1891.420758,2526.867184
59,352,5G_micro,2086.819789,2931.803411
59,374,5G_micro,2540.67714,2985.640462
59,411,5G_micro,2381.89967,2747.842281
59,464,5G_micro,1859.040386,2960.95066
59,652,5G_micro,2582.659297,2759.825626
59,682,5G_micro,1987.587522,2635.600385
59,857,5G_micro,2229.499178,3180.01986
59,1037,4G_micro,2455.338573,3044.628209
59,1086,4G_micro,1910.202134,3269.693127
59,1236,4G_micro,2247.313295,3000.365371
59,1252,4G_micro,2401.906975,2669.90224
59,1418,4G_micro,2079.378899,2797.186117
59,1485,4G_micro,1792.974568,3011.773157
60,8,5G_macro,4824.69819,2511.575912
60,168,4G_macro,4716.336548,2685.509313
60,281,4G_macro,5227.425966,2581.504327
60,355,5G_micro,5137.418284,2622.883037
60,394,5G_micro,4852.878895,2516.25043
60,561,5G_micro,5057.926468,2408.897343
60,884,5G_micro,5254.085562,2341.979608
60,1423,4G_micro,5470.977223,2523.970462
60,1504,4G_micro,5220.5419,2565.698636
60,1518,4G_micro,5320.891556,2246.472427
61,128,5G_macro,2453.954562,665.4993525
61,273,4G_macro,2300.865959,431.3977942
61,305,4G_macro,2832.026405,686.2721273
61,536,5G_micro,2793.339229,547.5800656
61,562,5G_micro,2356.73195,198.9785678
61,587,5G_micro,2522.441221,785.9361031
61,683,5G_micro,2472.613989,506.7305848
61,1192,4G_micro,2867.605149,625.7133191
61,1431,4G_micro,2610.568618,336.5754071
61,1503,4G_micro,2707.625977,894.7527767
61,1537,4G_micro,2376.486037,573.8852172
62,95,5G_macro,7883.477064,5939.870798
62,307,4G_macro,7882.916067,6050.706253
62,431,5G_micro,7747.369616,5800.148854
62,604,5G_micro,7626.122015,6158.001287
62,651,5G_micro,7937.589227,6368.966884
62,912,5G_micro,7875.463334,6174.760033
62,965,4G_micro,7984.662411,6304.629085
62,1212,4G_micro,7968.15674,6094.733202
62,1307,4G_micro,7333.809649,6001.63196
62,1317,4G_micro,7725.248173,6023.098902
62,1337,4G_micro,7968.556077,5768.597748
62,1572,4G_micro,7655.291138,5823.651098
63,31,5G_macro,403.8700676,1147.889808
63,98,5G_macro,850.7635093,1605.017876
63,160,4G_macro,455.8838007,1400.083628
63,442,5G_micro,292.5274551,1122.459559
63,532,5G_micro,522.8050455,1278.818751
63,581,5G_micro,860.7281509,1245.245567
63,717,5G_micro,672.4937474,1082.507376
63,750,5G_micro,594.2662199,1738.100551
63,910,5G_micro,482.315586,1523.214503
63,954,5G_micro,710.6057284,1410.01431
63,1158,4G_micro,296.7147971,1247.502123
63,1159,4G_micro,523.8385436,1237.819082
63,1251,4G_micro,721.7416219,1594.571545
63,1308,4G_micro,764.7477461,1165.602772
64,142,5G_macro,2395.041064,2351.026366
64,163,4G_macro,2014.894684,2417.463455
64,298,4G_macro,2839.744283,2517.009183
64,472,5G_micro,1961.608039,2390.786559
64,576,5G_micro,2225.304199,2210.392085
64,691,5G_micro,2552.239188,2184.396658
64,693,5G_micro,2546.874321,2434.76042
64,776,5G_micro,2162.042587,2480.539632
64,1052,4G_micro,2263.156291,2475.105918
64,1321,4G_micro,2367.617798,1974.349484
64,1322,4G_micro,2041.643549,2304.983765
64,1408,4G_micro,2621.645039,2413.391128
64,1422,4G_micro,2463.200132,2178.710296
65,30,5G_macro,7023.443614,1643.907761
65,107,5G_macro,7638.221975,1509.939667
65,384,5G_micro,6972.000618,1871.042299
65,385,5G_micro,6909.954754,1518.998227
65,409,5G_micro,7157.601973,1954.92489
65,520,5G_micro,7158.229323,1367.995181
65,975,4G_micro,7072.763724,1854.60773
65,1068,4G_micro,6906.954327,1442.71043
65,1228,4G_micro,7275.150942,1758.621726
66,96,5G_macro,2742.719597,5007.815164
66,254,4G_macro,3099.163636,5165.813637
66,279,4G_macro,2565.008968,4911.677032
66,407,5G_micro,2661.784191,5046.61936
66,681,5G_micro,2611.684758,4815.380847
66,696,5G_micro,3027.643498,5162.035278
66,768,5G_micro,2326.927762,5217.583706
66,781,5G_micro,2951.259886,4902.305868
66,786,5G_micro,2692.148119,5421.233734
66,1035,4G_micro,3062.864957,5025.881945
66,1246,4G_micro,2819.149867,4744.182761
66,1253,4G_micro,2642.808809,5380.72312
66,1440,4G_micro,2738.155645,4931.187788
67,119,5G_macro,5200.212567,872.7207066
67,191,4G_macro,5636.72676,984.3837984
67,312,4G_macro,4957.719561,593.9832562
67,415,5G_micro,5071.151089,582.9310625
67,667,5G_micro,5715.256159,932.4024827
67,718,5G_micro,5011.763413,826.9881597
67,748,5G_micro,5298.098778,856.7047571
67,873,5G_micro,5496.214825,719.9047761
67,1043,4G_micro,5199.776734,530.4149143
67,1069,4G_micro,4936.746143,974.1582355
67,1109,4G_micro,5120.937214,794.9923625
67,1217,4G_micro,5159.639195,1117.189307
67,1280,4G_micro,5370.976148,874.9700221
67,1402,4G_micro,5560.779222,574.2493978
68,33,5G_macro,5601.016502,2938.139693
68,283,4G_macro,5202.424495,3206.036539
68,309,4G_macro,5619.509755,2927.991718
68,361,5G_micro,5511.935682,2973.348173
68,396,5G_micro,5213.549546,3348.042408
68,563,5G_micro,5442.912952,3226.759739
68,821,5G_micro,5411.313859,3424.443079
68,934,5G_micro,5257.261104,3124.350651
68,952,5G_micro,5302.89986,2866.123878
68,1097,4G_micro,5455.117093,3075.738052
68,1278,4G_micro,5061.12736,3303.545479
68,1296,4G_micro,5283.954258,3343.343258
68,1544,4G_micro,4979.560596,3066.03516
68,1593,4G_micro,5384.857304,2850.935331
69,92,5G_macro,3467.435034,429.4848818
69,100,5G_macro,2967.194211,636.3303318
69,435,5G_micro,3580.317687,961.2234793
69,436,5G_micro,3492.041129,408.5854266
69,512,5G_micro,3189.310768,487.2484294
69,566,5G_micro,3623.084598,717.2363059
69,863,5G_micro,3387.31589,671.8136025
69,1091,4G_micro,3332.593083,427.3722211
69,1115,4G_micro,3600.944381,644.2222442
69,1264,4G_micro,3351.555964,754.8193682
69,1369,4G_micro,3757.937539,885.4153455
70,101,5G_macro,7481.831529,962.8876635
70,141,5G_macro,6963.279348,1066.773137
70,400,5G_micro,7081.161982,864.7944042
70,455,5G_micro,7454.449419,643.219016
70,543,5G_micro,7389.470201,1049.901542
70,842,5G_micro,7114.122625,624.2648405
70,925,5G_micro,6921.176996,1133.338739
70,1205,4G_micro,7091.905075,1131.526702
70,1230,4G_micro,7476.02523,769.0488081
70,1382,4G_micro,7229.987424,715.8851989
70,1436,4G_micro,7429.90293,1174.579543
71,54,5G_macro,1058.27644,99.49714986
71,172,4G_macro,583.4811016,4.995215926
71,275,4G_macro,1352.185538,94.83444405
71,379,5G_micro,1209.486146,443.461123
71,410,5G_micro,1017.629874,48.42451263
71,713,5G_micro,1039.910801,323.2645139
71,914,5G_micro,1544.013556,108.916396
71,939,5G_micro,1286.344732,84.15216615
71,964,4G_micro,1343.859799,31.78505381
71,967,4G_micro,1095.973837,483.1424757
71,1103,4G_micro,1422.592513,459.1698888
71,1209,4G_micro,971.2190707,62.96454675
71,1526,4G_micro,645.9158935,129.8532269
72,113,5G_macro,4313.982848,854.1739326
72,274,4G_macro,4411.316517,667.4321245
72,346,5G_micro,4161.639374,554.1587256
72,481,5G_micro,4660.474276,769.6006913
72,680,5G_micro,4418.584214,541.8684223
72,956,5G_micro,4217.635575,885.5027315
72,1021,4G_micro,3939.728522,658.655327
72,1067,4G_micro,4088.119187,962.7376311
72,1427,4G_micro,4161.435034,569.1299844
72,1473,4G_micro,4469.542068,672.891303
73,68,5G_macro,1855.882004,516.3559773
73,159,5G_macro,1618.848136,74.0301887
73,196,4G_macro,1877.61783,58.88979422
73,337,5G_micro,1936.301545,581.0655022
73,357,5G_micro,2151.478862,575.9518332
73,363,5G_micro,1745.542719,50.16006027
73,540,5G_micro,2201.972936,334.2610219
73,624,5G_micro,1654.135982,631.2031679
73,928,5G_micro,1918.271776,152.5653991
73,1075,4G_micro,2077.54975,473.4139299
73,1179,4G_micro,2136.789757,231.5125
73,1315,4G_micro,1624.509929,153.7386924
73,1542,4G_micro,2320.084291,15.68749623
73,1576,4G_micro,1716.46135,479.22716
74,28,5G_macro,6927.733835,7664.097969
74,38,5G_macro,7622.131251,7700.10854
74,266,4G_macro,7173.739013,7874.724015
74,888,5G_micro,7175.858484,7841.174116
74,1202,4G_micro,7460.187647,7999.031264
74,1328,4G_micro,6867.207035,7610.499551
74,1508,4G_micro,7327.152389,7631.32793
75,23,5G_macro,1431.645938,3863.325247
75,43,5G_macro,2126.776632,3935.800572
75,236,4G_macro,1680.4227,4071.933267
75,329,5G_micro,2132.805382,3738.877166
75,371,5G_micro,1859.562288,4243.438395
75,575,5G_micro,1575.228145,3706.160377
75,709,5G_micro,1592.380556,3980.885656
75,988,4G_micro,1631.958955,4133.540004
75,1140,4G_micro,2035.285516,3474.286413
75,1359,4G_micro,1658.086855,3843.772761
75,1371,4G_micro,1926.807888,3705.216837
75,1453,4G_micro,1258.558997,3954.131728
75,1599,4G_micro,2112.665593,4137.890862
76,132,5G_macro,4288.525467,7874.053632
76,227,4G_macro,4307.548236,7397.48982
76,359,5G_micro,4109.155681,7299.65114
76,525,5G_micro,4457.931591,7887.589255
76,544,5G_micro,4553.727847,7439.761954
76,592,5G_micro,4297.183373,7408.641289
76,759,5G_micro,4248.398282,7611.51695
76,1092,4G_micro,4069.414869,7564.873106
76,1163,4G_micro,4483.798695,7741.563585
76,1255,4G_micro,4363.185969,7247.881916
76,1272,4G_micro,4602.416958,7460.09032
76,1331,4G_micro,4224.29507,7870.630634
76,1383,4G_micro,4021.340487,7292.530834
77,14,5G_macro,1377.211507,1016.717543
77,188,4G_macro,1178.423512,798.2222061
77,322,5G_micro,1226.320201,1181.566648
77,380,5G_micro,1318.724685,924.5619104
77,803,5G_micro,1088.589375,992.1780337
77,836,5G_micro,1215.235972,716.8752153
77,1171,4G_micro,1041.910991,1046.569141
77,1342,4G_micro,1383.779282,1077.929175
77,1433,4G_micro,979.4317511,842.9508878
77,1447,4G_micro,1401.801334,744.4627068
78,200,4G_macro,4716.686459,5917.697739
78,277,4G_macro,5312.341551,5197.490711
78,315,4G_macro,4454.1452,5380.520994
78,459,5G_micro,4694.742978,5810.57336
78,491,5G_micro,4386.0326,5586.395823
78,508,5G_micro,4435.73921,5286.236555
78,623,5G_micro,4979.592857,5591.028881
78,629,5G_micro,4742.96474,5597.960017
78,777,5G_micro,4522.814659,5078.045934
78,871,5G_micro,4799.866512,5281.923125
78,1137,4G_micro,4779.845598,5570.210777
78,1338,4G_micro,4328.715974,5611.473394
78,1372,4G_micro,4561.282584,5547.773865
78,1429,4G_micro,4535.423189,5149.49649
79,47,5G_macro,3645.785087,3887.842629
79,83,5G_macro,3154.417813,3660.09564
79,387,5G_micro,3597.292782,3934.014848
79,655,5G_micro,3355.309025,3766.484571
79,689,5G_micro,3444.327613,4215.303759
79,807,5G_micro,3155.868964,3952.793056
79,889,5G_micro,3629.224383,3702.574164
79,977,4G_micro,3065.979748,3747.466651
79,995,4G_micro,3569.021683,4138.2113
79,1340,4G_micro,3370.271488,4170.194923
79,1392,4G_micro,3593.65769,3938.383865
79,1396,4G_micro,3399.207192,3740.690304
80,102,5G_macro,1783.603412,1950.790172
80,311,4G_macro,2029.648711,1599.827632
80,403,5G_micro,2019.253031,1960.004859
80,438,5G_micro,1598.420036,1898.25298
80,618,5G_micro,2119.123515,1658.792751
80,636,5G_micro,1871.938574,1641.426535
80,853,5G_micro,1708.319236,1524.332374
80,947,5G_micro,2243.392999,1496.965077
80,1001,4G_micro,2004.263945,1356.004006
80,1407,4G_micro,2155.912474,1869.417041
80,1413,4G_micro,2251.068975,1519.365882
80,1442,4G_micro,2303.900542,1724.740859
80,1590,4G_micro,1926.482229,1761.948993
81,46,5G_macro,258.9635229,5437.832842
81,108,5G_macro,33.78113709,4988.259157
81,241,4G_macro,187.360564,5165.278489
81,571,5G_micro,105.8733608,5604.690721
81,634,5G_micro,168.1429583,5085.526741
81,648,5G_micro,280.1974402,5424.197663
81,921,5G_micro,380.7304481,5085.728264
81,1010,4G_micro,307.0442695,5117.561353
81,1070,4G_micro,418.8062211,5292.625127
81,1089,4G_micro,40.56520398,5728.311015
81,1139,4G_micro,5.652772536,5092.159326
81,1298,4G_micro,106.9163844,4852.165805
81,1571,4G_micro,170.841026,5428.943804
82,151,5G_macro,4.1479787,7740.926955
82,268,4G_macro,331.4579811,7996.586958
82,282,4G_macro,97.00096123,7420.973439
82,509,5G_micro,527.6845521,7632.954604
82,513,5G_micro,275.3676887,7599.171461
82,716,5G_micro,80.03358558,7405.355715
82,778,5G_micro,624.3811217,7939.595356
82,1197,4G_micro,45.2167749,7682.63212
82,1210,4G_micro,57.46397841,7461.009113
82,1270,4G_micro,355.7395232,7972.095643
82,1488,4G_micro,144.6098346,7895.064001
82,1514,4G_micro,288.6585528,7477.88572
83,13,5G_macro,2627.93208,6588.419468
83,74,5G_macro,2232.392408,6177.113685
83,444,5G_micro,2114.30628,6534.699408
83,466,5G_micro,2331.312043,6611.769361
83,474,5G_micro,2626.347572,6960.851246
83,645,5G_micro,2291.046088,6854.616121
83,859,5G_micro,2294.439762,6291.50756
83,908,5G_micro,2333.409974,7077.630816
83,968,4G_micro,2428.337179,6389.616046
83,1111,4G_micro,2620.266197,6749.891509
83,1151,4G_micro,2144.363699,6335.031809
83,1184,4G_micro,2344.717923,6169.226442
83,1299,4G_micro,2341.077251,6634.287714
83,1471,4G_micro,2367.149598,6877.814188
83,1558,4G_micro,2422.029242,7152.920771
84,65,5G_macro,7793.147869,4071.148378
84,176,4G_macro,7647.376522,4154.137757
84,358,5G_micro,7609.625822,4036.211079
84,419,5G_micro,7372.458573,4297.467043
84,758,5G_micro,7844.455428,4015.847401
84,860,5G_micro,7036.897901,4092.44855
84,1033,4G_micro,7803.778447,4078.372542
84,1267,4G_micro,7032.760825,4054.570041
84,1295,4G_micro,7403.961298,4058.822715
85,194,4G_macro,2165.690113,7475.586232
85,205,4G_macro,2700.627871,7971.624481
85,237,4G_macro,2812.885808,7228.921587
85,370,5G_micro,2808.674127,7353.637077
85,454,5G_micro,2571.070591,7843.047915
85,564,5G_micro,2635.182078,7476.424907
85,675,5G_micro,2776.155547,7892.252462
85,814,5G_micro,2848.896511,7557.883688
85,856,5G_micro,3062.09219,7968.459707
85,1088,4G_micro,3137.671714,7636.560331
85,1235,4G_micro,2656.070702,7304.591626
85,1304,4G_micro,2444.641472,7352.60104
85,1316,4G_micro,2598.134427,7654.023018
85,1357,4G_micro,2806.381172,7861.642456
85,1541,4G_micro,3031.728683,7928.119535
86,10,5G_macro,5193.678461,2170.05607
86,155,5G_macro,4713.100013,2007.78961
86,373,5G_micro,4849.244571,1928.906564
86,423,5G_micro,4612.994788,2389.742082
86,957,5G_micro,4643.807195,1997.884242
86,998,4G_micro,5102.578813,2058.018698
86,1025,4G_micro,4756.569906,2026.698967
86,1031,4G_micro,4474.867615,2117.634362
86,1476,4G_micro,4576.298999,2437.63565
86,1561,4G_micro,4557.811794,1895.661977
87,220,4G_macro,3507.380553,1718.861803
87,270,4G_macro,3830.740619,2112.77846
87,291,4G_macro,4366.181686,1834.536768
87,514,5G_micro,4226.778777,2238.259718
87,515,5G_micro,4284.053205,1867.035982
87,622,5G_micro,4005.104767,1630.665547
87,907,5G_micro,4107.538445,2072.17687
87,1087,4G_micro,4002.87915,2180.851457
87,1186,4G_micro,3757.596826,1916.699698
87,1214,4G_micro,4226.080311,1810.985733
87,1451,4G_micro,3959.744964,1850.948129
88,208,4G_macro,724.8438184,4206.871233
88,264,4G_macro,427.1642922,4613.059031
88,594,5G_micro,395.9774511,4513.16526
88,658,5G_micro,386.1644828,4872.426893
88,660,5G_micro,173.2781148,4561.327531
88,726,5G_micro,622.1228953,4977.876252
88,1132,4G_micro,611.7048355,4863.542766
88,1380,4G_micro,593.81109,4293.677974
88,1401,4G_micro,316.9048452,4662.180016
88,1535,4G_micro,60.65414022,4492.131246
89,93,5G_macro,1291.210492,4434.357582
89,115,5G_macro,826.3610461,4862.809206
89,221,4G_macro,1191.429269,4689.872187
89,364,5G_micro,1207.707527,4589.32397
89,382,5G_micro,896.9297676,4285.064068
89,723,5G_micro,1387.235604,4237.525136
89,844,5G_micro,990.1766623,4762.47104
89,938,5G_micro,1190.797565,4933.800383
89,983,4G_micro,805.9130012,4573.796112
89,1147,4G_micro,1111.451775,4359.738693
89,1348,4G_micro,1413.995601,4284.952077
89,1416,4G_micro,1079.430422,4853.554961
89,1437,4G_micro,1128.619422,4570.075214
90,124,5G_macro,4906.794784,3062.639016
90,126,5G_macro,4292.610401,2751.911872
90,367,5G_micro,4651.23081,2691.11173
90,590,5G_micro,4916.199051,3039.384849
90,654,5G_micro,4559.028574,3246.108522
90,721,5G_micro,4667.521194,3013.151762
90,732,5G_micro,4375.740399,3037.29889
90,739,5G_micro,4447.43302,2760.071417
90,741,5G_micro,4864.586589,2770.054959
90,1006,4G_micro,4693.495231,2627.831262
90,1042,4G_micro,4326.622359,2508.740485
90,1386,4G_micro,4779.799583,2974.028737
90,1524,4G_micro,4389.155766,3064.246613
91,0,5G_macro,5285.8749,5204.989121
91,55,5G_macro,4743.587485,5258.774152
91,332,5G_micro,5137.460438,5233.369613
91,412,5G_micro,4965.351997,4996.951841
91,483,5G_micro,5471.595727,5330.75788
91,492,5G_micro,5332.344017,4947.984812
91,756,5G_micro,5327.414016,5161.235573
91,1153,4G_micro,5039.631704,5369.718078
91,1223,4G_micro,5245.29012,5149.791529
91,1339,4G_micro,5233.265128,4863.003514
91,1366,4G_micro,5589.388829,5238.579613
91,1588,4G_micro,5277.584229,5419.097436
92,139,5G_macro,6828.960386,4027.295175
92,157,5G_macro,6257.924636,4004.185064
92,349,5G_micro,6759.52629,4107.437091
92,489,5G_micro,6295.500537,3926.699517
92,582,5G_micro,6312.816074,4214.269993
92,707,5G_micro,6662.308883,3872.610727
92,791,5G_micro,6043.152042,3926.167784
92,927,5G_micro,6078.682592,4137.014247
92,1131,4G_micro,6333.637103,4153.037164
92,1358,4G_micro,6679.410915,3860.028955
92,1381,4G_micro,6827.679451,4191.493746
92,1474,4G_micro,6280.916248,3876.703381
92,1491,4G_micro,6137.037088,4252.044103
92,1547,4G_micro,6874.02597,3921.227483
93,24,5G_macro,5655.413367,1578.071419
93,453,5G_micro,5755.478942,1193.975378
93,493,5G_micro,5865.363297,1451.805749
93,816,5G_micro,6084.651295,1574.577482
93,877,5G_micro,5464.883318,1460.618354
93,994,4G_micro,5597.95026,1630.92102
93,1373,4G_micro,5509.97437,1238.997985
93,1496,4G_micro,5835.618076,1620.10221
93,1575,4G_micro,5799.503848,1391.865837
94,110,5G_macro,5523.859375,128.7982172
94,440,5G_micro,5409.121345,198.3271896
94,479,5G_micro,5645.397294,568.4254314
94,883,5G_micro,5673.936524,62.99997426
94,1130,4G_micro,5279.134281,280.0376793
94,1289,4G_micro,5537.403183,189.9062953
95,244,4G_macro,7131.604564,2133.282133
95,272,4G_macro,7576.014414,1576.228827
95,325,5G_micro,7744.12527,1668.000598
95,397,5G_micro,7927.810934,1509.136716
95,588,5G_micro,7451.92191,1590.676236
95,855,5G_micro,7896.592534,1839.535741
95,917,5G_micro,7383.357309,1839.30883
95,993,4G_micro,7657.282569,1279.264227
95,1227,4G_micro,7824.830959,1688.653296
95,1579,4G_micro,7575.238217,1750.875517
96,106,5G_macro,2879.271153,18.6922969
96,192,4G_macro,2814.815244,183.9704361
96,698,5G_micro,2799.643004,310.1704886
96,704,5G_micro,3230.824124,161.4970047
96,1138,4G_micro,2817.461966,386.9864774
96,1388,4G_micro,2906.8046,141.2255702
96,1570,4G_micro,3164.706076,198.2934273
97,258,4G_macro,2993.677826,1179.695527
97,319,4G_macro,3477.25739,1020.405359
97,406,5G_micro,2883.396583,1030.769102
97,552,5G_micro,2971.868925,789.1289806
97,642,5G_micro,3149.371847,884.0242214
97,774,5G_micro,3260.007314,1422.698099
97,794,5G_micro,3437.358797,1283.512871
97,870,5G_micro,3264.767524,1058.079434
97,1036,4G_micro,3059.276668,906.5237056
97,1403,4G_micro,3454.174084,1140.374809
97,1446,4G_micro,2816.795513,1093.733515
97,1516,4G_micro,3187.935995,1119.695358
97,1552,4G_micro,3251.631231,1404.118459
98,183,4G_macro,5206.227339,7039.227393
98,247,4G_macro,5240.307183,6408.408123
98,252,4G_macro,5682.429969,7226.767177
98,388,5G_micro,5616.008421,7250.934265
98,530,5G_micro,5836.135089,7131.342822
98,605,5G_micro,5718.055492,6845.339268
98,625,5G_micro,5396.753634,6864.938506
98,751,5G_micro,5492.015792,7419.648291
98,886,5G_micro,5411.609468,6657.593554
98,1142,4G_micro,5697.760847,7434.635444
98,1165,4G_micro,5109.619036,6789.960283
98,1178,4G_micro,5434.882129,7455.713423
98,1241,4G_micro,5828.755357,7112.562891
98,1330,4G_micro,5449.082376,6709.540243
98,1517,4G_micro,5552.149568,7067.702459
98,1573,4G_micro,5873.159095,6910.128416
99,15,5G_macro,6277.632861,277.7257026
99,17,5G_macro,6518.601871,762.292748
99,62,5G_macro,5991.813883,710.8803363
99,366,5G_micro,6548.885303,751.4539893
99,390,5G_micro,5985.363669,543.1041254
99,428,5G_micro,6267.95968,670.305495
99,614,5G_micro,5930.453526,775.4222493
99,919,5G_micro,6504.925132,496.5846816
99,951,5G_micro,6224.129596,446.7227489
99,966,4G_micro,6148.491131,491.9367242
99,1029,4G_micro,5950.25593,832.3202909
99,1198,4G_micro,5938.713853,505.7388696
99,1203,4G_micro,6607.489906,722.6810656
99,1415,4G_micro,6330.808186,603.2280152
99,1449,4G_micro,6391.551629,300.2714679
100,80,5G_macro,2613.641126,5644.000116
100,89,5G_macro,3113.142237,6121.314973
100,127,5G_macro,3269.496607,5588.698924
100,456,5G_micro,2581.669115,5588.431225
100,473,5G_micro,3047.818918,5925.062377
100,744,5G_micro,2974.287499,5617.53525
100,793,5G_micro,3389.910883,6093.764196
100,953,5G_micro,3275.558863,5656.621771
100,1062,4G_micro,3357.323004,5781.031035
100,1096,4G_micro,2894.751993,5700.993309
100,1448,4G_micro,2941.794773,5936.063518
100,1480,4G_micro,2972.447614,5468.944501
100,1586,4G_micro,3238.731841,5546.28517
100,1587,4G_micro,3108.338723,5768.749315
101,49,5G_macro,3926.00284,2094.532848
101,339,5G_micro,3296.40093,1713.920518
101,518,5G_micro,3208.57719,1920.147279
101,528,5G_micro,3224.319543,2142.815161
101,578,5G_micro,3494.830249,2342.779992
101,705,5G_micro,3641.350721,2151.320964
101,890,5G_micro,3484.774801,2007.498103
101,1064,4G_micro,3579.246327,2247.595529
101,1243,4G_micro,3369.808295,2179.162809
101,1353,4G_micro,3473.247005,1819.76519
102,99,5G_macro,2106.668464,1051.404058
102,170,4G_macro,1929.77719,946.1451966
102,321,5G_micro,2008.446888,1228.225998
102,343,5G_micro,1831.112313,826.0493902
102,463,5G_micro,2390.453715,1086.271832
102,743,5G_micro,2146.892937,914.7832613
102,1032,4G_micro,1799.699477,780.5782748
102,1108,4G_micro,2235.125331,730.3199805
102,1363,4G_micro,2276.607961,1088.393307
102,1559,4G_micro,1807.087075,988.4695461
103,20,5G_macro,1419.37579,6778.920111
103,60,5G_macro,1948.137914,7027.545096
103,487,5G_micro,1543.380903,7004.189965
103,635,5G_micro,1840.416632,7024.276407
103,649,5G_micro,1865.655693,7419.040985
103,792,5G_micro,2024.906242,7229.327613
103,893,5G_micro,1658.46441,7470.501006
103,979,4G_micro,1730.75689,7120.504188
103,991,4G_micro,1950.652038,7091.451908
103,1276,4G_micro,1603.798296,7531.384855
103,1352,4G_micro,1558.94326,7270.223208
103,1529,4G_micro,1957.626642,6855.933708
104,145,5G_macro,7114.271138,7163.755835
104,360,5G_micro,6956.612563,7366.012906
104,553,5G_micro,7364.62468,7097.524853
104,574,5G_micro,7171.13766,6992.510948
104,714,5G_micro,6987.682007,6905.93625
104,815,5G_micro,7230.36051,7353.166527
104,1039,4G_micro,6897.379107,7148.99167
104,1232,4G_micro,7440.342854,7136.048853
104,1464,4G_micro,7022.250117,6914.16586
104,1494,4G_micro,7167.515252,7467.975926
104,1584,4G_micro,6955.201499,7384.788295
105,36,5G_macro,5184.201736,6458.670301
105,41,5G_macro,4889.815431,6008.476869
105,386,5G_micro,5141.37938,6237.895476
105,452,5G_micro,5306.864111,6019.629908
105,555,5G_micro,4917.451635,6172.355997
105,595,5G_micro,4715.465042,6128.126966
105,664,5G_micro,5193.770219,6478.220948
105,747,5G_micro,4967.25687,6462.301558
105,763,5G_micro,5322.950464,5794.368883
105,790,5G_micro,5470.612491,6245.140099
105,1008,4G_micro,5006.482615,6176.370711
105,1015,4G_micro,4818.533989,6093.235382
105,1135,4G_micro,5190.012975,6489.067198
105,1154,4G_micro,4940.318805,5920.021914
105,1234,4G_micro,4871.551601,6365.298734
105,1351,4G_micro,5340.578142,6181.279242
105,1528,4G_micro,5330.360911,5798.269443
105,1578,4G_micro,4988.26014,6569.743309
106,82,5G_macro,3621.478666,6617.117602
106,206,4G_macro,3941.048293,6481.817626
106,471,5G_micro,3545.473364,6942.800214
106,534,5G_micro,3581.63767,6250.998258
106,599,5G_micro,3957.253633,6959.664225
106,650,5G_micro,3701.14619,7074.862964
106,827,5G_micro,3409.430177,6792.321774
106,892,5G_micro,3656.344935,6441.695719
106,931,5G_micro,3809.406206,6802.643073
106,1003,4G_micro,3794.171184,6724.866487
106,1046,4G_micro,3534.020191,6323.655362
106,1073,4G_micro,4006.405954,6505.603306
106,1166,4G_micro,4009.552425,6720.621975
106,1206,4G_micro,3443.502468,6831.288143
106,1220,4G_micro,3585.002194,6627.236436
106,1238,4G_micro,3341.356003,6450.383225
107,84,5G_macro,4165.656066,3306.393757
107,381,5G_micro,4187.379656,3109.586544
107,620,5G_micro,4012.879827,3399.944312
107,850,5G_micro,3860.719698,3584.464917
107,924,5G_micro,3723.54442,3169.018819
107,980,4G_micro,4220.440965,3287.006489
107,1144,4G_micro,3917.530127,3239.379688
107,1306,4G_micro,3722.065147,3285.743083
108,35,5G_macro,351.1855083,7071.808692
108,185,4G_macro,156.8192003,6919.331237
108,519,5G_micro,300.5948901,6557.047444
108,598,5G_micro,191.7072367,7059.18005
108,639,5G_micro,34.58269108,6824.077981
108,848,5G_micro,376.9848157,6885.432316
108,989,4G_micro,248.1958167,6805.653065
108,1157,4G_micro,450.4435206,6832.83345
108,1312,4G_micro,2.738438679,6263.22839
108,1466,4G_micro,388.9082467,7211.798265
108,1477,4G_micro,166.5243121,6588.681024
108,1540,4G_micro,43.31162037,7180.162224
108,1581,4G_micro,3.648271961,6792.204081
109,21,5G_macro,1641.202602,5460.373282
109,120,5G_macro,2170.627299,5339.79118
109,173,4G_macro,1757.807731,5601.942336
109,607,5G_micro,1841.296129,5681.219462
109,685,5G_micro,2012.265212,5481.356614
109,829,5G_micro,2368.884958,5775.628709
109,899,5G_micro,2248.926741,5495.216163
109,1009,4G_micro,2226.961426,5306.128938
109,1057,4G_micro,2154.474542,5983.751734
109,1282,4G_micro,2439.412934,5579.819434
109,1361,4G_micro,2212.401501,5542.504974
109,1397,4G_micro,1955.967156,5314.547949
109,1499,4G_micro,2151.706651,5777.010411
110,58,5G_macro,7559.016642,6777.441651
110,210,4G_macro,7532.708578,6701.70177
110,413,5G_micro,7568.868186,6474.909994
110,506,5G_micro,7528.388896,6680.102253
110,577,5G_micro,7810.163515,6730.878502
110,847,5G_micro,7302.476104,6599.177512
110,1297,4G_micro,7903.078637,6490.605948
110,1341,4G_micro,7644.858967,6561.0905
110,1404,4G_micro,7456.49868,6867.595093
110,1405,4G_micro,7194.135621,6721.518771
110,1502,4G_micro,7391.421199,6313.692896
110,1525,4G_micro,7779.160368,6743.767458
111,4,5G_macro,4088.692232,4201.561526
111,167,4G_macro,3851.740221,3958.57072
111,402,5G_micro,3768.993897,4251.633701
111,416,5G_micro,4049.935744,3911.761276
111,500,5G_micro,3798.893407,3920.05163
111,549,5G_micro,4113.18058,4130.913581
111,734,5G_micro,4170.605483,3698.34807
111,969,4G_micro,3962.543918,4060.939134
111,1058,4G_micro,3842.193501,3618.118845
111,1219,4G_micro,4283.055707,3883.145487
111,1531,4G_micro,4191.590985,3681.522611
111,1532,4G_micro,3974.421478,3848.529646
112,59,5G_macro,4834.557235,402.6541123
112,256,4G_macro,4800.919884,104.9274816
112,395,5G_micro,4498.101102,80.50417359
112,838,5G_micro,4830.115047,655.7547675
112,897,5G_micro,4960.614679,325.8060989
112,940,5G_micro,4838.887941,77.72145052
112,1071,4G_micro,5012.251987,364.0466322
112,1112,4G_micro,4928.598222,592.4467396
112,1122,4G_micro,4911.902282,100.9538018
112,1245,4G_micro,4546.849374,322.7797326
112,1335,4G_micro,4719.462275,187.4442489
113,133,5G_macro,1507.709403,6070.650253
113,333,5G_micro,1302.79923,6000.237055
113,420,5G_micro,1675.983659,5797.229778
113,450,5G_micro,1439.310404,6149.073383
113,550,5G_micro,1940.264306,6286.669562
113,677,5G_micro,1811.82418,6103.271333
113,678,5G_micro,1289.164747,5792.779817
113,771,5G_micro,2132.141891,6098.098344
113,775,5G_micro,1607.70503,6001.558768
113,1026,4G_micro,1636.447287,5958.61469
113,1049,4G_micro,1365.878209,5727.528164
113,1090,4G_micro,1661.298098,5716.642563
113,1585,4G_micro,1411.768821,6214.282832
114,37,5G_macro,120.9754947,1732.070616
114,510,5G_micro,334.1410657,1362.520235
114,632,5G_micro,284.9952009,1814.723933
114,769,5G_micro,28.53609387,1219.457123
114,1169,4G_micro,68.80349627,1847.212749
114,1173,4G_micro,59.33241833,1507.171374
114,1329,4G_micro,352.6782806,1563.922505
114,1425,4G_micro,20.23933181,1206.468957
115,213,4G_macro,7959.136259,887.0375195
115,470,5G_micro,7843.875736,1161.130565
115,608,5G_micro,7921.830401,591.6351664
115,659,5G_micro,7973.995779,793.10961
115,972,4G_micro,7970.085623,545.9623452
115,1279,4G_micro,7653.21636,669.4681075
115,1530,4G_micro,7684.677902,902.8690448
115,1554,4G_micro,7873.289085,749.5514387
116,202,4G_macro,3148.798011,3227.607563
116,330,5G_micro,3320.557064,3452.630292
116,610,5G_micro,2958.183946,3512.145626
116,699,5G_micro,3192.094814,3121.5843
116,770,5G_micro,3036.161993,3291.403552
116,817,5G_micro,3535.075545,3286.780051
116,959,5G_micro,3518.683271,3495.198808
116,1041,4G_micro,3515.969894,3041.803574
116,1164,4G_micro,3199.330481,3263.798572
116,1484,4G_micro,3404.784261,3355.281536
116,1492,4G_micro,3069.868266,3506.759866
116,1566,4G_micro,2878.577107,3289.96168
117,76,5G_macro,7813.016683,3546.646582
117,351,5G_micro,7876.402054,3369.311326
117,482,5G_micro,7967.187869,3593.64049
117,720,5G_micro,7632.965834,3397.593929
117,820,5G_micro,7999.823945,3066.738942
117,961,4G_micro,7707.153995,3247.228187
117,1292,4G_micro,7607.927156,3481.033971
117,1394,4G_micro,7979.342489,3382.944196
117,1450,4G_micro,7799.054607,3667.893965
118,72,5G_macro,5889.48394,3586.832611
118,77,5G_macro,5260.72411,3555.10478
118,368,5G_micro,5891.162837,3277.381404
118,703,5G_micro,5626.584344,3436.434681
118,746,5G_micro,5668.407249,3191.398099
118,906,5G_micro,5772.821289,3629.880863
118,1201,4G_micro,6012.707135,3304.937411
118,1262,4G_micro,6055.831398,3791.724553
118,1546,4G_micro,5872.665218,3566.8899
118,1597,4G_micro,5839.61026,3197.557178
119,97,5G_macro,5814.41694,5741.85256
119,177,4G_macro,5475.098808,5902.50582
119,341,5G_micro,6038.954817,5577.124102
119,414,5G_micro,5831.277936,5824.254532
119,573,5G_micro,5612.185685,5930.8299
119,674,5G_micro,5685.439953,5469.271157
119,700,5G_micro,6013.939614,6009.6903
119,851,5G_micro,5514.50133,5702.649672
119,922,5G_micro,5950.902035,5358.771487
119,1050,4G_micro,6000.150306,5481.51778
119,1218,4G_micro,5788.254696,5793.855607
119,1522,4G_micro,5477.55768,5613.582162
120,48,5G_macro,950.395496,5416.292132
120,331,5G_micro,1018.987522,5862.899314
120,425,5G_micro,956.3297292,5008.354137
120,484,5G_micro,1138.481523,5524.44527
120,740,5G_micro,1055.854038,5221.155528
120,909,5G_micro,848.7754801,5447.11082
120,1083,4G_micro,804.2860439,5529.13342
120,1174,4G_micro,837.3192787,5149.809975
120,1190,4G_micro,874.7151601,5722.135642
120,1191,4G_micro,1122.029843,5095.039739
120,1302,4G_micro,1136.387321,5632.198856
120,1462,4G_micro,1186.73261,5355.110998
120,1489,4G_micro,676.1198073,5358.56559
121,34,5G_macro,6582.38113,3545.057789
121,187,4G_macro,6813.649051,3873.621564
121,233,4G_macro,6472.732859,3403.600278
121,372,5G_micro,6485.971513,3609.974993
121,430,5G_micro,6751.725365,3467.134672
121,496,5G_micro,6193.039911,3348.407365
121,589,5G_micro,6543.683486,3320.354799
121,839,5G_micro,6824.016138,3233.200427
121,1017,4G_micro,6886.851046,3650.952469
121,1105,4G_micro,6428.728469,3676.735518
121,1141,4G_micro,6710.237647,3353.912622
121,1240,4G_micro,6407.887989,3382.24124
121,1324,4G_micro,6428.317001,3125.920184
121,1523,4G_micro,6190.770354,3459.981222
121,1569,4G_micro,6936.986164,3418.409208
122,224,4G_macro,6045.140205,1926.31116
122,462,5G_micro,6117.678773,1926.619241
122,753,5G_micro,5884.942887,1826.038207
122,798,5G_micro,6268.124152,2074.919701
122,831,5G_micro,5714.763575,2118.100701
122,891,5G_micro,6044.80362,2171.910985
122,1100,4G_micro,6100.343081,2062.606233
122,1121,4G_micro,6112.728603,2269.340875
122,1213,4G_micro,5673.110356,1864.209934
122,1310,4G_micro,5878.753731,2303.498713
122,1481,4G_micro,5716.241653,2143.932482
122,1482,4G_micro,6325.384083,2355.377807
123,29,5G_macro,3895.906641,5222.73866
123,609,5G_micro,3680.16017,5686.306609
123,627,5G_micro,3861.217701,5425.929371
123,843,5G_micro,4213.403358,5308.740234
123,1188,4G_micro,3678.63701,5143.625376
123,1320,4G_micro,4122.237193,5579.092398
123,1475,4G_micro,3998.068871,5314.96884
123,1510,4G_micro,3585.815549,5685.663405
124,52,5G_macro,2505.543294,7759.104888
124,144,5G_macro,1847.105542,7607.261585
124,427,5G_micro,2364.488895,7798.058997
124,447,5G_micro,1740.430555,7758.628161
124,684,5G_micro,2313.539995,7327.122758
124,911,5G_micro,1951.784407,7671.767128
124,942,5G_micro,1935.769659,7884.071235
124,1018,4G_micro,2149.98281,7839.797634
124,1207,4G_micro,1804.504197,7785.621458
124,1261,4G_micro,2431.649909,7967.95197
124,1350,4G_micro,2182.730117,7533.784169
124,1385,4G_micro,1938.571642,7948.53945
124,1533,4G_micro,1886.512568,7574.544176
125,57,5G_macro,7327.744226,2234.514507
125,66,5G_macro,7800.024826,2032.698432
125,546,5G_micro,7760.292811,2099.905436
125,551,5G_micro,7075.527627,2290.439236
125,688,5G_micro,7644.338978,2309.340373
125,712,5G_micro,7316.801884,2282.733707
125,834,5G_micro,7455.536078,2049.245932
125,982,4G_micro,7543.909751,2027.656389
125,1095,4G_micro,7112.055009,2207.742023
125,1271,4G_micro,7321.531797,2360.305023
126,114,5G_macro,7953.92522,7228.021229
126,418,5G_micro,7588.275929,7180.636119
126,526,5G_micro,7917.433861,7060.747889
126,565,5G_micro,7952.816188,7407.148167
126,1364,4G_micro,7775.356962,7086.52784
126,1384,4G_micro,7852.458012,7344.458764
126,1515,4G_micro,7575.755134,7288.428557
127,25,5G_macro,6249.028535,5049.431792
127,485,5G_micro,6213.812421,4910.471342
127,494,5G_micro,5871.520981,4775.299497
127,663,5G_micro,6100.469421,5164.492719
127,757,5G_micro,6182.231757,4374.71505
127,885,5G_micro,6121.785796,4601.906182
127,1269,4G_micro,6113.9929,4711.585662
127,1318,4G_micro,5698.814469,4983.657827
127,1434,4G_micro,6307.84603,4645.398356
127,1520,4G_micro,6339.807206,4879.364883
128,70,5G_macro,1409.010674,2303.03194
128,340,5G_micro,962.9631565,2256.155954
128,557,5G_micro,1709.854954,2126.969707
128,613,5G_micro,1262.500038,2633.61764
128,657,5G_micro,1759.3651,2408.510694
128,670,5G_micro,1156.022841,2449.374932
128,932,5G_micro,1657.173811,2623.728337
128,1030,4G_micro,1186.19998,2607.592668
128,1045,4G_micro,1746.610095,2144.862558
128,1080,4G_micro,1201.472493,2311.958289
128,1175,4G_micro,1538.072051,2254.556765
128,1365,4G_micro,1389.282573,2664.994503
128,1511,4G_micro,1727.528788,2386.894841
129,18,5G_macro,4878.775676,1384.824127
129,733,5G_micro,4704.621377,1389.982702
129,752,5G_micro,4333.208987,1601.060077
129,926,5G_micro,4486.246442,1275.121326
129,986,4G_micro,4750.530603,1121.678658
129,1136,4G_micro,4543.154698,1358.903893
129,1194,4G_micro,4436.394318,1609.993269
129,1288,4G_micro,4280.865666,1140.865014
130,45,5G_macro,6983.020096,4984.72323
130,554,5G_micro,6987.561726,4922.622694
130,711,5G_micro,7060.586644,5306.838229
130,715,5G_micro,7189.951418,5039.444299
130,1110,4G_micro,7208.85343,5146.383412
130,1346,4G_micro,6977.196784,5363.134009
130,1452,4G_micro,7232.974319,4770.926967
130,1577,4G_micro,7020.191227,4935.134611
